Kommunenummer,FeatureID
3452,a3c6c83a-5ef4-4e11-a0c3-e454c9f82766
4601,602ba259-f046-428c-ab57-ce0428bd5bb4
4213,8bbe531e-9251-425a-aff7-06395d4e3e52
4627,2bdfc1fd-8d82-4680-8230-6deed0161941
3324,8d31abbc-48e2-462f-aceb-45c757ee552a
3222,62099986-00d2-40d1-91d2-27c4403a1889
4650,5ffa97f4-1123-4da4-83ec-ba1095b48a4a
1120,774b068a-acd2-4a85-9543-333ffaa70855
1812,1186aae1-e02e-4b65-81a3-cbde27cc46d1
4645,8a4368df-49d2-4860-ba79-95dec7a8f69d
4228,a850598b-bdbf-4d9c-b19a-a0bded54b92a
3301,624b7261-5dde-4188-be99-c419d90d514f
1506,48e19a67-f1f2-44f2-9f3d-9227a699776f
5528,cff75a78-ffd4-4148-b59e-a1e4e87f6819
5542,728b21bc-5980-4fbd-bf23-86d22b0f8b68
5031,fe328f8d-fbde-4c21-ab28-cbc583be401f
4602,54e5adae-5e1f-42df-bcfe-d23a55d2bcef
5041,92291601-dbeb-432a-b640-eb31d0ac6ff0
3212,9667a7b5-c49d-40fa-9826-25323e7aa30d
4632,75299d27-bbbd-4e35-89ce-a22f906be1a9
3435,6d39c208-6c56-4a41-9295-c1078927ac6b
5047,340fff7f-b153-4a87-814d-12ca4f2d1682
3451,f5284a4c-bf96-4050-bb44-ed9c2cbe94be
5061,5b5f81f4-5cc8-48a0-ae54-276032124929
4034,7edb0a10-2bd0-4351-a78d-ba2d1c23728e
1121,0e48ed51-ce27-45c0-b7bc-76ff37405c6a
3440,031025af-21ad-4f36-976d-7ab8f31c8910
3334,4fa5acd2-865e-432f-9b22-a1c77c40fb10
3214,37f9dcca-d06d-41a0-b8e3-13fdfd94c854
4020,6ca26978-f7bf-4582-91a3-d09bb73f71e3
5624,148308fc-f444-442d-8617-b4f3b7d51892
1133,351ba144-37bc-4d7b-a5bf-a3b2ddcb87a2
1514,617485c7-dd5e-42b7-9888-e94513444835
1557,92e7f845-3aa8-4438-aded-734347959e15
5634,8151c0e9-5926-44dc-93d4-8a47144c0d1f
3447,7ab6dfbf-b403-402b-9a3c-8e9cdf3410e0
3419,999ff9a4-33de-4ba7-9d39-d27f89752f55
4219,8b023c74-4db4-48f9-8a5c-a3124c75da14
1577,7ae4b5f6-2220-47aa-b746-27e822396a5a
3422,6815741a-a3c3-4011-81a8-97d861af91ee
1573,35b9a8e2-32dc-4301-a739-d290d69ea19c
5630,f410cc5f-ea29-466d-9c55-63238967adcc
5538,c78c38f7-7090-45ba-8ec5-7f642bc86fc1
1839,98ba7f4f-4600-4702-b96a-54fb34d8ab6e
4216,00c8db8e-e381-4515-81ce-d6dca496c443
3234,2236475d-71c8-48c5-90d1-7055c065305a
5524,8b91f9f4-22f8-49e8-8b11-32c005e534aa
3407,69955d74-46c1-4e31-a1d8-ccc5bb578701
3442,f7c6e517-553a-46a4-8048-781d685aeab3
3429,9def2406-0c19-4e3e-aef1-089b0e69f926
5033,a958447a-bec5-414e-adfd-5b2a5311e3dc
5027,4e8f0138-2f58-473c-91fe-813ea0bfcc6a
4227,e204d602-bd11-4323-8651-5f7e103a7cd9
3224,16d03e0c-78cc-4dbc-aedb-03962284d27e
1130,917cb247-d8f1-46ef-8fc5-decc2cdde6fe
1824,7f607a8b-adf6-4512-9f75-2c2a95a9ee8f
4005,164e6569-2171-4f1a-aead-0fdba4c089d7
3428,314cf49e-afb3-466e-a12f-1df87b34ee3f
3205,1f772d03-781f-41ba-9532-348fec03cd17
1832,e15ec547-2b87-4765-8301-13230485dfa6
3412,f630dc4c-6297-4a96-a93f-40e30422c131
5025,59052a09-adad-48e8-9bae-0a20ffca79d1
5029,20f6d491-f96b-413f-bb5e-cd0a2b92b69f
4218,5c57c0a1-e908-4088-aa8f-cb7f9ab0200a
1834,5bdc379c-ef04-496f-a65f-9a6ca5cb66e4
3443,28acd8cd-ec05-4746-92cc-4aeee880239b
3432,cbc345bd-70cc-4131-85b5-534428553212
4207,85253364-c56c-4140-bd1e-fd77ad3474d5
3413,5feb1d14-3304-4366-a03b-3113d40ff962
4016,d83142aa-d004-4a60-86fb-6291b233c2ec
4638,8a7ad424-0adc-4925-9e04-cf17bd2b4357
4617,d4fdef3f-f8d2-414c-ae44-be9fa4bf1e9a
4018,123e97ca-43df-4b98-9244-1bf9c98c8076
1112,b4566a47-7868-430f-9a36-412c6e9dc702
1508,efe40656-9764-4926-ac55-d04d4665f3ef966d44cb7ace1f0cb0e2828d2a8e2ee032207fa9938ac46dc5979f3527fe0db1
1818,4dec3cc9-e515-4fa9-ba7f-9387e1c8800c
1857,607b4a39-83e8-407c-8e38-fffb0f3c288b
5035,29cbae47-572b-4871-874e-931323ad34d1
5007,911b4d14-99b3-46e1-94a8-62bf2e07c4ab
1845,7fc5dd85-a0e9-48cd-9188-e716c23c5263
5055,62e7e196-7c17-4a39-b979-412249ead977
4036,a2b4ac1b-74a5-4477-bc99-16fc386e8a5c
5020,502e2b5d-2bf1-4dd6-a48f-0692e729f364
4615,9b992a9e-edf4-413f-afb1-85ca757fc457
3303,9ac00bfb-2139-44b7-9089-ff48b1acf1ac
3230,ffd39f1e-f20e-4559-80c9-42b911aac29b
5614,42b6831f-ee82-4c75-9d14-1d49ff1e1de1
4003,886dd687-f7a3-448d-99b5-783b741646cb
3418,3eb0d321-8929-4ee2-a7f4-d92e06cd15d7
4624,543ac82b-d449-4fbe-bd93-8eaf7e16ef8c
3103,303d1b06-2b89-4688-ae96-85a61b00985f
4616,f946e9a0-2bda-46e6-89d3-c696d4be79d5
3238,39eabef1-5fa1-408b-b011-2e233713c784
4644,582a15e4-d853-4501-8d37-057432110a8d
3437,6b6b547f-cb7a-4ee4-877c-527a15436b5d
5526,ad422879-e9f4-4f48-8110-dd294c127405
1135,fe5f31c2-8d83-4290-89ae-7a28632dd057
1122,5c28ff58-9e10-493a-a12c-df15d41cebd4
4647,46f06c02-ffdb-482f-b1c1-3b0ca7282eca
4611,fcdbda7d-52e8-4075-b100-5f35c56a9439
3240,0ba35d78-bc81-4eb9-829d-2f6f77723754
3328,e4f877ca-9330-4830-85d8-d116a738be2a
1119,b6c5a7ed-eb81-4e9d-81b3-a09b2393bed3
1505,753d80fa-0806-4a1d-820d-a15e197c261d
5612,c7da53d0-cd0f-416c-92fb-fb15d796a9b5
1579,d73265d8-64ac-4a5c-804f-f2e727d748d6
1511,c1c3768f-f923-4e6a-b0d1-8b4459baee61
5036,1a028be5-a934-4aed-a178-2b87a8f7c945
5049,f312a830-5884-4741-8b23-7e1352a1a113
4026,71d8fb41-ca12-4678-901b-6614cc354a43
1160,fc39e78f-5259-4503-be78-1ced36f9d057
1836,ba889808-a24b-41b5-ab28-410804599e22
5628,8391ebe6-293c-4709-a0c5-a15824b58fdd
3326,05ca13f5-6ac0-45c2-a90b-d6e6cd0c97ab
0301,2f8abeb3-f180-4800-84a3-df6653fc9468
4620,e1064c65-a858-4dcb-9e43-fd2393261909
3411,d844ccd3-0f28-4dd8-9c7a-7c6d71a46123
1531,8e2e4d7c-17ba-46d1-ae77-f5cd29ed16ca
1841,c0cb164d-c3e4-4744-a925-49f48f46b3e9
1539,41b31bfc-b149-4d47-afe7-83190cd1f2bf
3439,af40bc87-d843-4118-8fae-d79e8a39ec3b
3236,4ccbb9f7-560e-4d5e-9dce-13be03868c75
5028,778af2cb-3c48-4c6c-9841-6a35f2288fb9
4637,6f4737c7-908c-4c1a-918b-8e1a5b20ef6b
1804,718c439f-412f-4d29-9ae5-63649a33d1eb
5046,4e93a0d0-eeda-47e1-83f4-cbc9103b6371
4201,f25a6be2-d809-4eb4-806b-d2fab4c9ca09
1835,ac286f86-e44c-40d1-b26f-fc83a2501dc1
1866,2a9247bd-d002-420e-93f2-dd7dddc3bb59
4217,dbcd6009-d567-44e1-b075-260f19c503ff
4212,25c2b192-c6b5-4d2c-ba4e-08ab31b4432d
4204,9f3d9ee1-a622-4515-ac6c-b5b10ebde6f3
5522,0c43df46-5632-4137-9d16-5f91d1a3926c
4640,93a8d91b-ec0e-42dd-a5fd-840c209e8c1f
3453,18a50d4c-a5ab-47ae-bf7d-54391c67637d
5546,a928078f-8e99-4f8f-9c17-02ecc41364eb
1867,c743b3fd-d65d-4361-8197-ed3a8e8d7ab1
3207,ba7a7903-d55a-4b0e-864a-fe8a2b8bb244
3405,2f058caf-4db8-454d-84df-ef7d633c5ed6
5054,417e942c-90ff-4297-86bc-9ae97da886b7
1528,88471efb-83cb-4382-b5b5-6c7bde18163f
5060,09f76545-99bb-45f0-99e6-692a92f4081c
5045,17af92d9-02dd-497f-8668-9168a3bd6f79
3316,1765b21a-d1ef-48b5-88c4-b0bc1742f123
1859,a458efe0-b6bf-420c-9c13-5200e0a93adb
4646,1d284acf-fc2c-4a5c-ae34-4e5afe0bec77
3903,d4f05891-b2e5-486d-952e-a4f45c994732
3424,0f821a2d-a307-41ec-9b64-f01c80e39357
1822,58ff3e34-807b-4395-999d-9f9b03ac38b1
3332,e06e8cb6-f18d-46d4-9c5b-30a119ecd02e
1566,8fb10503-5db3-4a0d-899d-a26c776c194e
1127,acb787f3-83a1-4deb-b2c2-4852a0d39a74
5503,fb0a6748-d430-428f-9a0b-c2c3b63f6789
4225,b80d311a-3d78-457f-bb5c-0e023679b13a
1848,9d8a9163-f623-4bc9-8a32-669b75915d5a
1815,221267b1-71d7-4d04-ba93-f667ceda7152
1101,e320f269-23c2-4ae8-922e-b92fe684e96c
5605,468e68cb-c1f3-4bf8-bb58-23ef6d0aab9e
3901,0eb906fa-62e4-42e2-b0b6-26177b4009d4
5042,1c05aa4d-4c4d-4869-af88-406b25842381
4634,5f22812b-9f2b-47e8-b4bf-1d80620f4bf2
1813,198eef71-90ea-47f4-acd3-1e21b80e39a3
1870,87eebee0-8d8d-4e4a-88d3-99170ede0bf2
1851,f18707e6-8ce4-4b0b-b614-501ebb1692eb
1580,efe40656-9764-4926-ac55-d04d4665f3ef309adcd6ebb29b25f943202101bd25629c640705329b831e6dbc530e29ed428c
5056,7b69ba4e-a8c8-4013-8aa5-751f0f1d176c
5053,0134921c-0ff3-4188-bc05-acfdb5f313a5
3305,f6ea4e51-d376-4c6f-9c95-c83bbe83013a
1111,4f8bca1c-fdfc-4f15-a31e-aea68932cc0b
1517,3ff12043-3562-45a7-ad3a-093ae2b53999
3416,0930dfed-de16-48c3-aaa5-0dd56cb2661b
5516,bc30051b-5209-4be5-b1fa-4bd6d17cf477
1806,6a3369f7-2b15-4719-bf18-6ce46e416d80
5006,6880c18a-f70c-4b08-bde5-7c0ac01acac3
5540,64df1997-a4cd-446e-a1bc-d36f24fa554f
1865,9a0f1628-27c8-4a16-8f6b-506f3d3c6620
5026,c7613671-a3c0-4a17-9f42-8450ce7b0df4
3426,57f4f1e3-a68a-4e19-b1dc-1e2df6d2a620
3436,f24feed6-3165-4023-abc7-de6b844810a6
1520,eba4a975-03b9-4257-ae9b-ab447574d180
4628,d6e4101e-5c40-40e5-b7b3-1e3c00af3d4b
4222,30769506-ab4d-4a00-ab02-2eb28bfb5a90
4220,58e7c80f-b9c2-43f6-99b7-4a0ac3eb923b
1554,d60c476a-7e36-4675-8ef5-218cf8c0e3d0
4626,b8774162-90dd-4039-acb2-a4a6db46fcbc
5532,9e24b188-830d-4fb1-8c27-f3428af8a6b4
1145,7b7fda38-64a8-4197-a54c-5244f4dc4d64
1106,940e4992-3450-4448-97b7-ff992b2950fa
4010,837c552b-3a67-43ce-9d5d-5908397f3f74
1563,cefd118d-0c98-483d-a9a4-965b0996c479
4202,3fbfd0ea-2fc2-4d12-b05a-d3f70913a69e
3216,5b6fe7ff-260e-4a9e-b203-b83a71eb0a56
5052,e5aeee32-1cd2-4dc5-81d1-4a62460be55d
4623,6aa031bd-5108-498f-bf09-0f113b5afe50
3434,12ddd70c-6a04-4194-804d-85ca51457dc6
4625,adf34999-9830-4695-a2bd-8eadb7cb0043
4631,b9fe496b-8cbf-4c7e-bf49-8392a8f54fb6
4641,38bc1c6e-d1f2-4979-8988-2549f38f776f
4621,8520c379-9da9-4a14-92ad-5fd4cd6d5446
5022,2fc1366b-c2f5-45d5-a453-824adcc41d07
3454,4073df8a-38ee-4d9e-906d-b5758778013e
1151,6f5440e1-0690-4c54-82b5-568b397dd87b
3203,ca889b1d-f767-4afc-afed-be95e29ae4fa
3101,a6d3e1db-c015-4f66-9913-eafb3cb277d5
3110,0d7b8902-b8a3-4e1e-a9fc-df5b2733c617
5034,b45137f4-e95c-42aa-85a4-cd5311be2279
1871,ea27c7d3-cf73-4a79-b1b7-75abd0b3cf20
5544,59dd3930-9f65-49b2-9a3a-3d6c4c03a83b
5607,9d7b1475-dfc8-46ad-b70a-f722278f78dc
1144,9d37c2e1-9376-4b36-b56c-4116384e18d1
4205,1c5f2a65-7542-4701-8679-dd0431ed6a94
1868,b74c8d85-746e-4b76-a925-fc8d98f46a76
3414,17a11e84-eb13-4aaa-8298-d4a0c848a837
5618,b7367e0d-2972-4d9c-93a5-431a10122ac3
5038,a3652f85-96d3-42cf-a8e5-aae2c889f330
5043,3622cd40-32ca-45e5-9457-68f459f22fed
1826,81fcfb11-829c-4676-93e6-69d4ba3b4fe1
1856,5aad93ea-c518-4c26-8a75-d99d1c4322cc
3450,6fa0e284-ac3b-4ffc-8073-a6c95b339d73
1874,3d4c47ef-da17-4fb3-ba70-fc5f7b91b2e5
4206,ec2a87f2-8dfa-4fb1-af0b-a9fc64979f14
4224,41fc71df-b2ed-4fde-9b4b-1f2aeba338d3
1816,f97a23b9-4d66-4796-9aee-f9e06d5eb9ca
3228,9c2dca34-8f37-4a68-91bf-5983c18b40a3
5510,cb8b5dc4-2e75-476d-988f-9f4b1307d8f0
3431,4bf79306-89f1-4b09-a566-f246932e74f1
5501,2f105ea7-e1dc-48e5-af76-09dbb920db0d
1516,75642bdd-fd9e-45d9-b9f2-f47432738fed
5057,6275c2e1-b61c-4ad6-8322-a043201c9820
4012,b54ccf70-e272-4151-9700-7f80ce70cb38
3330,0a511fd7-9fb7-4bff-8322-6b720461c34a
3425,b4732779-db16-478c-b95d-0e0f1d470ba6
3120,f9b0d8a0-4a00-4353-9a28-10e0f91f515e
4223,24d908d1-655e-4cfd-9f06-d94dae84b43a
3420,3cd9325d-771b-427b-a4c0-85068ee74cbb
1124,5bf20af1-5430-45a8-b4df-6c50bc30ebb1
3909,6de61215-35a5-49a9-b71b-32223dff8843
4215,e5e35a7f-53c6-4ef4-b5b1-38796d9f00d8
3114,9f5a089b-9f44-44d9-926c-96e03732e7ef
5021,4cfc3ece-65b6-4c17-adde-b3bede393630
5032,312ece6e-6f7a-4c85-94bc-a529b5bdc24d
1134,0c229077-33b4-4815-b172-29b67cd43b1c
5632,88a5d065-bb43-4e0e-8d0b-bca963d062aa
1837,4ad19919-9e2b-4d0c-b9f0-c0c9d78f3b93
1875,32b7a1d8-b69c-4fe9-b2e1-faef314947cd
1860,8fd2c6df-babc-4a49-ac5b-afdd390518d5
1515,1ab3cedd-013f-487a-9e8c-9a7f2c6f5354
3433,17b84acb-5f26-45ee-a0aa-728a32c95f84
1840,24f92d31-e356-4e57-97a7-5bf1776ddd0a
1576,970cfdc1-1760-4e05-995a-c889068cac44
1114,b3e95560-b2c2-4f41-b51e-9c90b487fec0
3201,42ec0811-e0e3-42bb-9645-293057222601
3911,926f576c-0db6-4b98-805f-2932ba914baf
4032,2e32159b-6a67-4baf-8cd9-0b3899f43d72
1578,92691e1b-3b86-40ad-851e-f3899f43508e
4614,8fe8934c-b2c2-496d-ae64-2cf37495742b
4629,f1b48c72-2140-4129-b2d3-b2f857651f3d
3446,6c179cd5-1d65-45df-b522-99168b93a84e
1103,837791de-4014-4e8a-a3de-ac2044befe2c
4639,0ed5809d-d04a-45cf-b3ba-04998790444e
5512,383eb054-bb62-4e65-8707-28f905a2d995
4001,1796b772-f145-4c22-a613-47b0be9a85c9
5059,63b2a030-fa63-4355-b563-706279f9c240
3423,95d47c84-7d5c-4ad6-b05c-3f2e3ec80f82
3336,fa62d974-11c6-438b-a9af-786cd76f3474
5636,0ef8e159-6830-4920-869a-83ffdd074340
4635,9e5777cd-53da-45e1-9d53-43a0f08d9fc1
3905,bc7b84b8-b363-4588-8cf6-3c370afc1e1c
5514,6756c184-c5d6-4e90-aed1-eb4bc61f387d
4613,64df7598-63d0-4d44-81c6-f5a0780bd9d4
1828,98f11f45-4ebe-4e54-9dd5-cb9bebf81cda
1827,68e7bac8-f3ff-4cca-b98b-4e69782d6a2d
5601,c55aac2c-1107-4ed4-b107-0abf90c820db
3312,4c57eb86-6eb4-424d-9909-3473ac61918d
4211,0f682c0f-c483-4ebf-9dd9-32c75b4caaa1
3441,600326ee-11ae-4d9d-bbaf-2ab459540995
1811,d509d684-84c1-4fdb-a2c4-639dbd55df9e
4630,1cabf42b-692c-413e-ac59-fa810cef7d1f
1560,3f60ce31-325d-4d4a-b023-57ce48f695ec
1535,3e4c0835-3425-4f81-8cee-b047d5c559d4
4024,82d4c807-e1cd-4941-9015-8c0d7960ced5
4221,76f0d01d-8f55-4360-b240-952bb85dddff
5620,324a56a6-94b2-4511-aa96-f2a4bbd6fc22
3124,3e0e7fb7-a067-4e5c-be22-ad58c7124d63
4619,3992cb86-5b7f-4a9d-987b-ea997025b24d
5616,afbc50e6-bb92-4bb4-bcdb-fc83e1e7e444
4014,38b30a93-d01a-4939-8aa5-9190ced93162
5534,64484c75-ecbe-4b32-bbd5-57022e2bb425
3118,f19e7d46-1a86-4cbb-b262-3fdfeb7a31ab
3314,dbd6250b-1b53-4c6f-8e41-f1b7ba4d3e91
4028,32e90869-c2ce-4390-9efb-93965e44a2ac
1525,d0289985-41ff-4f2a-8eb1-2b41d9f6879c
3338,d4000778-bb1d-4f8c-a0d2-7788d5dda5c3
4214,b69eddc8-cbd7-44df-a80c-a1cf6601e521
1838,76285d74-fed7-4c42-82d8-792dcaaf2c3e
1825,287b1925-357d-49b5-93e4-e57f1c6c48b4
4649,8f8498b7-16fe-4793-a8f4-45c17d026f76
3310,f4cc75d3-031e-48c7-ba78-66df9002c07a
1146,37ef1fcd-1a99-4f6c-bee4-41c70b8fc1cb
4636,dadfaa2a-7413-4fb4-a6f5-aa3b5dbf0507
5610,acbef55a-a616-4845-ab4f-a5a9ea6b0e98
4022,d0978550-67a8-4af7-9c21-1ca80f6bdbfa
1820,6373f185-3ea5-4843-96cf-90c46ae7d8fe
4612,a98555c9-41fd-453a-bdd5-560fe23930d0
3105,ce0fae43-1f8d-4da4-97b4-4a4961e923c0
4642,6a2d3b05-202e-4f35-bb90-340c95610edb
4622,c380ea63-1619-400b-8d47-dede3749f5b8
3421,ff289cbb-14c8-4c74-8a31-896b2c175667
3322,23c8a246-2a22-4217-bc32-519e97b45f00
3401,1b838adc-5167-4b55-a773-fadbadee84b2
5626,29818c5a-4baa-4ca9-98a5-8b78ab00877a
4203,ee718989-7390-42d1-96fd-29b5e2615439
3417,44af1277-ae62-491c-9918-23fba520b954
3448,75c667c6-5e04-48ed-9bfe-1da57bf18390
5530,8d1e0a0a-5bd0-4a21-8e5b-bd3cb2a0d4b7
3430,ab1646a5-afb3-4c8b-8045-ce233ec8c039
1532,d524ccd1-48fd-435d-ab78-75bc0c7bc2a7
1833,3f2b552c-2a55-4fb4-b9a8-cea2a2e45406
3907,ac7e05cd-fb07-4270-ad95-e3c32c1370d0
3209,1ca0f13d-e85d-44fe-897d-82b3dd555c1a
4633,551c1982-1434-450e-a8fe-2b79cd62b1db
3116,9948d9bd-c661-41d0-b47e-cb077fe231b9
3218,74273193-b926-40e1-959e-e02c3942dc81
5536,e294e1ca-10fc-471e-885f-27fc5e027620
3220,afb7764a-6c5a-4a0a-94fe-e02d3390d5a4
4618,511c60a9-d307-4c31-ac25-781af6330c27
5037,91b6bbc7-e889-43cc-85ac-f6a2b9b47d39
1108,41bd2013-db58-4f41-ba1e-d47a61c39088
5603,778bf04f-6b8c-4c43-8c9d-de7f6777635b
5058,eb193bc4-8fe7-475e-80e1-596559a90945
4648,d5f5bcef-38b4-4bb5-93b8-cb68bf34746b
1853,4cf12380-708e-4879-b161-8d09ae2bfda3
3449,7ff82dc8-0271-4e0f-a758-cee0292b8ceb
3226,d0b3686c-fad0-45d4-bc87-c3c5528ee601
3112,ea20afc9-b122-4996-b5ec-291a8cf8a879
5622,ecbd9c3f-4780-4581-92a6-21d443226bac
4643,e7c86115-3d9e-43e6-82fb-c2c05f4c215e
3122,4df569ef-5dfd-4534-b057-7caf2fe8d49d
3438,3509e7d4-20e1-45d0-95aa-96cdbcc89928
4030,c407bca0-3d6a-4bcd-8423-fa46adf31267
3415,c8cf8dce-0b85-45a2-968c-a17942dd64b4
5001,716abf9b-ecff-411a-a0f9-542e7e0debba
3403,13900f60-1c4a-4a21-9dd2-37efbcecce02
5518,97e07234-6c9b-4b9f-a685-3a016d39b302
5014,c0109514-1ba9-49a2-9063-15e89cb03e55
3232,e05680be-2c9d-4aac-9cb7-a65cba8a532f
4226,04640fc1-a9a2-449a-b5b7-0dc8ea50dd32
5520,3a7a9b3e-a6a9-4ef7-bc4e-0f1083a8de1a
1547,75bac93e-de89-4bc1-a0d4-775cdcf8f423
3320,0db85919-28bf-4d3c-8972-130b0fb5376e
3107,1e84e1f2-4a95-4d04-9651-c68318d93127
1149,a7321f05-33bb-4df6-99e2-0787142b8e83
5044,f683728d-d5e1-49f3-80d4-23f2f0c9e61f
3427,73c8e158-0d23-4143-9024-9aa56c24c31c
3318,ff08a39d-37f4-4543-b0f7-64d45dc88323
4651,5e2d6b0d-ad7d-4de9-88ff-f57f591aaef8
3242,a1c460d1-b050-4c59-b309-eb5cdc8de2ff
